Title, Price,date
Funny Got Data Mis Data Systems Business Analyst T-Shirt Black,25.99,2024-10-24
Funny Got Data Mis Data Systems Business Analyst T-Shirt Black,25.99,2024-10-24
Funny Got Data Mis Data Systems Business Analyst T-Shirt Black,25.99,2024-10-24
Funny Got Data Mis Data Systems Business Analyst T-Shirt Black,25.99,2024-10-24
Funny Got Data Mis Data Systems Business Analyst T-Shirt Black,25.99,2024-10-24
Funny Got Data Mis Data Systems Business Analyst T-Shirt Black,25.99,2024-10-24
Funny Got Data Mis Data Systems Business Analyst T-Shirt Black,25.99,2024-10-24
Funny Got Data Mis Data Systems Business Analyst T-Shirt Black,25.99,2024-10-24
Funny Got Data Mis Data Systems Business Analyst T-Shirt Black,25.99,2024-10-24
Funny Got Data Mis Data Systems Business Analyst T-Shirt Black,25.99,2024-10-24
Funny Got Data Mis Data Systems Business Analyst T-Shirt Black,25.99,2024-10-24
Funny Got Data Mis Data Systems Business Analyst T-Shirt Black,25.99,2024-10-24
Funny Got Data Mis Data Systems Business Analyst T-Shirt Black,25.99,2024-10-24
Funny Got Data Mis Data Systems Business Analyst T-Shirt Black,25.99,2024-10-24
Funny Got Data Mis Data Systems Business Analyst T-Shirt Black,25.99,2024-10-24
Funny Got Data Mis Data Systems Business Analyst T-Shirt Black,25.99,2024-10-24
Funny Got Data Mis Data Systems Business Analyst T-Shirt Black,25.99,2024-10-24
Funny Got Data Mis Data Systems Business Analyst T-Shirt Black,25.99,2024-10-24
Funny Got Data Mis Data Systems Business Analyst T-Shirt Black,25.99,2024-10-24
Funny Got Data Mis Data Systems Business Analyst T-Shirt Black,25.99,2024-10-24
Funny Got Data Mis Data Systems Business Analyst T-Shirt Black,25.99,2024-10-24
Funny Got Data Mis Data Systems Business Analyst T-Shirt Black,25.99,2024-10-24
Funny Got Data Mis Data Systems Business Analyst T-Shirt Black,25.99,2024-10-24
Funny Got Data Mis Data Systems Business Analyst T-Shirt Black,25.99,2024-10-24
Funny Got Data Mis Data Systems Business Analyst T-Shirt Black,25.99,2024-10-24
Funny Got Data Mis Data Systems Business Analyst T-Shirt Black,25.99,2024-10-24
Funny Got Data Mis Data Systems Business Analyst T-Shirt Black,25.99,2024-10-24
Funny Got Data Mis Data Systems Business Analyst T-Shirt Black,25.99,2024-10-24
Funny Got Data Mis Data Systems Business Analyst T-Shirt Black,25.99,2024-10-24
Funny Got Data Mis Data Systems Business Analyst T-Shirt Black,25.99,2024-10-24
Funny Got Data Mis Data Systems Business Analyst T-Shirt Black,25.99,2024-10-24
Funny Got Data Mis Data Systems Business Analyst T-Shirt Black,25.99,2024-10-24
Funny Got Data Mis Data Systems Business Analyst T-Shirt Black,25.99,2024-10-24
Funny Got Data Mis Data Systems Business Analyst T-Shirt Black,25.99,2024-10-24
Funny Got Data Mis Data Systems Business Analyst T-Shirt Black,25.99,2024-10-24
Funny Got Data Mis Data Systems Business Analyst T-Shirt Black,25.99,2024-10-24
Funny Got Data Mis Data Systems Business Analyst T-Shirt Black,25.99,2024-10-24
Funny Got Data Mis Data Systems Business Analyst T-Shirt Black,25.99,2024-10-24
Funny Got Data Mis Data Systems Business Analyst T-Shirt Black,25.99,2024-10-24
Funny Got Data Mis Data Systems Business Analyst T-Shirt Black,25.99,2024-10-24
Funny Got Data Mis Data Systems Business Analyst T-Shirt Black,25.99,2024-10-24
Funny Got Data Mis Data Systems Business Analyst T-Shirt Black,25.99,2024-10-24
Funny Got Data Mis Data Systems Business Analyst T-Shirt Black,25.99,2024-10-24
Funny Got Data Mis Data Systems Business Analyst T-Shirt Black,25.99,2024-10-24
Funny Got Data Mis Data Systems Business Analyst T-Shirt Black,25.99,2024-10-24
Funny Got Data Mis Data Systems Business Analyst T-Shirt Black,25.99,2024-10-24
Funny Got Data Mis Data Systems Business Analyst T-Shirt Black,25.99,2024-10-24
Funny Got Data Mis Data Systems Business Analyst T-Shirt Black,25.99,2024-10-24
Funny Got Data Mis Data Systems Business Analyst T-Shirt Black,25.99,2024-10-24
Funny Got Data Mis Data Systems Business Analyst T-Shirt Black,25.99,2024-10-24
Funny Got Data Mis Data Systems Business Analyst T-Shirt Black,25.99,2024-10-24
Funny Got Data Mis Data Systems Business Analyst T-Shirt Black,25.99,2024-10-24
Funny Got Data Mis Data Systems Business Analyst T-Shirt Black,25.99,2024-10-24
Funny Got Data Mis Data Systems Business Analyst T-Shirt Black,25.99,2024-10-24
Funny Got Data Mis Data Systems Business Analyst T-Shirt Black,25.99,2024-10-24
Funny Got Data Mis Data Systems Business Analyst T-Shirt Black,25.99,2024-10-24
Funny Got Data Mis Data Systems Business Analyst T-Shirt Black,25.99,2024-10-24
Funny Got Data Mis Data Systems Business Analyst T-Shirt Black,25.99,2024-10-24
Funny Got Data Mis Data Systems Business Analyst T-Shirt Black,25.99,2024-10-24
Funny Got Data Mis Data Systems Business Analyst T-Shirt Black,25.99,2024-10-24
Funny Got Data Mis Data Systems Business Analyst T-Shirt Black,25.99,2024-10-24
Funny Got Data Mis Data Systems Business Analyst T-Shirt Black,25.99,2024-10-24
Funny Got Data Mis Data Systems Business Analyst T-Shirt Black,25.99,2024-10-24
Funny Got Data Mis Data Systems Business Analyst T-Shirt Black,25.99,2024-10-24
Funny Got Data Mis Data Systems Business Analyst T-Shirt Black,25.99,2024-10-24
Funny Got Data Mis Data Systems Business Analyst T-Shirt Black,25.99,2024-10-24
